group,feature,test,statistic,p_value,stat_sig,median1,median2,mean1,mean2,stdev1,stdev2
TP_FN,CYS_P_7.5,Kruskal-Wallis Test,5.816181630783794,0.015879381172763437,STAT SIG,4.805491990846681,0.0,4.844671180735927,1.8115293094184173,5.688591232977694,3.5603600793831234
TN_FP,CYS_P_7.5,Kruskal-Wallis Test,6.206111703267575,0.012730996764424478,STAT SIG,0.0,0.0,1.6130537614494833,5.016165823054368,4.355940502154775,6.926647422667903
TP_FN,ASP_P_7.5,Kruskal-Wallis Test,0.6843322447452296,0.4080989110647909,,2.1739130434782608,5.263157894736842,4.286594019107266,4.54343522912338,5.777952339623982,4.252584366270953
TN_FP,ASP_P_7.5,Kruskal-Wallis Test,4.036358415658336,0.04452981224237006,STAT SIG,5.88235294117647,0.0,6.7463640746781754,3.567816127800648,6.513474671224625,4.5241180765726305
TP_FN,SER_P_7.5,Kruskal-Wallis Test,0.36903253518517065,0.5435320921537393,,4.257246376811594,4.904306220095694,4.495466352332564,5.975666197485786,5.2693041743057485,7.27421353464115
TN_FP,SER_P_7.5,Kruskal-Wallis Test,0.05903160468597364,0.8080331273073524,,0.0,2.5,5.203631929567758,3.547974857959378,7.321052038235716,4.145957205701437
TP_FN,GLN_P_7.5,Kruskal-Wallis Test,0.4115220919778836,0.5211979608952052,,4.761904761904762,2.272727272727273,4.517711123641201,4.24450715419615,4.926891645349563,5.893004186732872
TN_FP,GLN_P_7.5,Kruskal-Wallis Test,0.05275333644067877,0.818339702877985,,0.0,0.0,3.5732848163188717,2.357464409515493,6.45167792253703,3.1583863544648785
TP_FN,LYS_P_7.5,Kruskal-Wallis Test,1.0895663269257436,0.29656731676528075,,0.0,2.631578947368421,3.284892957528758,4.756280734151548,4.35182300554647,5.635126527328068
TN_FP,LYS_P_7.5,Kruskal-Wallis Test,0.10319203335762495,0.7480321828245606,,5.0,5.572755417956656,4.95746227691063,4.838089953705278,5.3582689305233675,4.253010033421472
TP_FN,ILE_P_7.5,Kruskal-Wallis Test,0.02840268297027612,0.8661655929503329,,4.446640316205533,0.0,4.363516201070809,4.1347445671256535,5.159986381689708,5.613790360907164
TN_FP,ILE_P_7.5,Kruskal-Wallis Test,3.3985309263671053,0.06525451156792907,,5.0,7.142857142857142,5.8393191228823085,8.601715765028459,7.0986896974672025,7.23682741315975
TP_FN,PRO_P_7.5,Kruskal-Wallis Test,1.8543516375214881,0.17327812023580322,,2.1739130434782608,0.0,3.8583369626028,2.482176913995096,4.714642424232955,4.710644972421123
TN_FP,PRO_P_7.5,Kruskal-Wallis Test,2.832482244795674,0.09237547993005926,,0.0,5.572755417956656,3.272036411847839,4.938989119039428,5.157356644579848,5.087939682370917
TP_FN,THR_P_7.5,Kruskal-Wallis Test,0.8378289272849395,0.3600184377944028,,5.555555555555555,0.0,5.103384234866815,4.197998033489168,5.117890392425255,5.9112411824753295
TN_FP,THR_P_7.5,Kruskal-Wallis Test,0.7937904718151418,0.37295642543061613,,0.0,5.263157894736842,4.343027067063093,5.777123096202043,5.662926129067559,6.952314558552922
TP_FN,PHE_P_7.5,Kruskal-Wallis Test,0.07968616400020263,0.7777231627881583,,5.263157894736842,4.904306220095694,5.85601004245995,5.359149813660086,5.7010057247193355,5.851590171959398
TN_FP,PHE_P_7.5,Kruskal-Wallis Test,0.10498319877671335,0.7459296237605686,,0.0,5.263157894736842,4.7076951412724,4.750425980108642,6.057977627562108,4.966766923230691
TP_FN,ASN_P_7.5,Kruskal-Wallis Test,0.01711615706205089,0.8959107936552805,,0.0,0.0,2.9889493683332935,3.343819258891029,4.170237757304767,5.135862212060158
TN_FP,ASN_P_7.5,Kruskal-Wallis Test,0.14944526632820818,0.6990660462394653,,0.0,0.0,3.359479568809712,3.0526009042843407,6.169141431873613,5.116930513787303
TP_FN,GLY_P_7.5,Kruskal-Wallis Test,1.5125539154407108,0.21874979477062123,,6.458333333333334,2.631578947368421,7.338819451631343,5.933126744412981,5.979120553162937,7.569428010940506
TN_FP,GLY_P_7.5,Kruskal-Wallis Test,0.4341204308444676,0.5099740109290192,,5.555555555555555,5.131578947368421,7.107056225195826,5.218026172457287,8.331972059905267,5.716136834396893
TP_FN,HIS_P_7.5,Kruskal-Wallis Test,1.548322894105234,0.21338319798143915,,0.0,0.0,3.9103951903912746,2.2746950019677294,5.121382467309656,3.8748067056346445
TN_FP,HIS_P_7.5,Kruskal-Wallis Test,0.23639496629077414,0.6268220714390373,,0.0,0.0,1.657956422662305,2.3624707980358135,3.521972042069288,4.547205162948538
TP_FN,LEU_P_7.5,Kruskal-Wallis Test,0.7478749459731651,0.3871498705733162,,9.761904761904763,10.263157894736842,10.065239377776853,12.477335459674327,7.239602087702372,9.837602651143476
TN_FP,LEU_P_7.5,Kruskal-Wallis Test,0.23356768625159696,0.6288909689615994,,11.76470588235294,10.0,13.344304263457092,11.088951521904308,12.326774548225332,8.400830052048041
TP_FN,ARG_P_7.5,Kruskal-Wallis Test,0.28784425704965805,0.5916053043248999,,5.409356725146198,6.203007518796992,5.104078059418923,5.937638916107815,4.49565024983854,5.898308933429941
TN_FP,ARG_P_7.5,Kruskal-Wallis Test,2.148711847719056,0.14268956264581975,,0.0,5.263157894736842,3.865435882252657,5.189450892817765,5.7298564305979225,5.264960735217906
TP_FN,TRP_P_7.5,Kruskal-Wallis Test,0.049494051826802214,0.8239460112229684,,0.0,0.0,2.417198065486713,2.92478354978355,3.4572374798676564,5.565253989723982
TN_FP,TRP_P_7.5,Kruskal-Wallis Test,6.315765228226898,0.011966908791386262,STAT SIG,0.0,0.0,1.1267217630853994,3.0878810982332654,3.279299273384326,4.355238906040732
TP_FN,ALA_P_7.5,Kruskal-Wallis Test,0.91425004122593,0.3389892668436985,,9.307359307359308,6.2745098039215685,9.25213072659658,8.091183334287752,6.799307797387949,8.309857850041906
TN_FP,ALA_P_7.5,Kruskal-Wallis Test,4.00104307024512,0.04547211488729391,STAT SIG,0.0,8.846153846153847,5.394204983495723,7.3695570783419075,7.875039316086781,5.91083760468152
TP_FN,VAL_P_7.5,Kruskal-Wallis Test,6.226404391657213,0.012585904433441404,STAT SIG,5.555555555555555,9.545454545454547,6.248523786236864,10.686641301438655,4.909354902242839,8.33362305604822
TN_FP,VAL_P_7.5,Kruskal-Wallis Test,2.2293237474582908,0.13541310399524328,,10.526315789473683,5.572755417956656,10.2431921441913,6.540486302483206,9.469115357523632,7.1591224019800395
TP_FN,GLU_P_7.5,Kruskal-Wallis Test,1.5779179371833478,0.2090608529005452,,5.263157894736842,0.0,4.749157485049689,4.227198904232397,4.800350072907066,7.09166293682923
TN_FP,GLU_P_7.5,Kruskal-Wallis Test,0.6700105351585888,0.4130479340229659,,5.88235294117647,7.417582417582418,6.845719928818719,7.435731461950502,7.13006517988549,5.551996004653373
TP_FN,TYR_P_7.5,Kruskal-Wallis Test,0.3342944580468309,0.5631412307688031,,4.880952380952381,5.263157894736842,4.348760392619532,4.781219577870296,4.855861494173559,5.16456614700931
TN_FP,TYR_P_7.5,Kruskal-Wallis Test,0.02926572531862963,0.8641669311286104,,0.0,0.0,3.8741133307696773,3.3995687512521875,5.970226716238685,5.416950151153899
TP_FN,MET_P_7.5,Kruskal-Wallis Test,1.6684411700054418,0.1964674570254344,,0.0,0.0,2.9661650221128433,1.8168699986881807,3.898684336415466,3.4996334839707894
TN_FP,MET_P_7.5,Kruskal-Wallis Test,0.3445352514949936,0.5572230138845305,,0.0,0.0,2.9259408852710287,1.8595098858256751,5.428712850358119,3.5670482929868403
TP_FN,hbond_don_sc_atom_5_P,Kruskal-Wallis Test,0.015485576413719207,0.900966067990522,,1.1904761904761905,1.2392900856793148,1.5263934939671637,1.4990962283956595,1.7942128664841779,1.859878741339665
TN_FP,hbond_don_sc_atom_5_P,Kruskal-Wallis Test,0.1904333386816809,0.6625561980057068,,0.0,0.0,1.1310275684587934,0.8702362210706553,1.8299389590753956,1.4755502356590418
TP_FN,hbond_acc_sc_atom_5_P,Kruskal-Wallis Test,0.014445965568024379,0.904331553480507,,1.1834733893557423,1.2828947368421053,1.3790301332194832,1.3333754427555302,1.6963732468197794,1.6029988525652923
TN_FP,hbond_acc_sc_atom_5_P,Kruskal-Wallis Test,0.7858292480168015,0.3753642563257662,,0.0,0.5208333333333331,1.0366083013826561,1.3273709512607184,1.5768072612921034,1.66334938915995
TP_FN,hbond_don_bb_atom_5_P,ANOVA,0.00022330165209253505,0.9881120430615703,,2.9631255487269534,2.6709401709401708,2.958858659050459,2.953348987677194,1.416274026259154,1.7255114751423366
TN_FP,hbond_don_bb_atom_5_P,Kruskal-Wallis Test,0.9844825121113351,0.3210946461075452,,2.5,2.854251012145749,2.8048748195199864,3.184122709644718,2.0624360572696565,1.5864045038896437
TP_FN,hbond_acc_bb_atom_5_P,ANOVA,0.7228337214889059,0.3975767781574403,,3.3150183150183152,3.8518518518518516,3.195566847715311,3.563065950470866,1.7532607898201968,1.7637023535544538
TN_FP,hbond_acc_bb_atom_5_P,ANOVA,2.645060512444968,0.10795814902486413,,3.614457831325301,2.7432808155699724,3.7184374368773576,2.9633728055846063,1.9436657931937822,1.7853242787239794
TP_FN,hbond_don_sc_atom_5_7.5_P,Kruskal-Wallis Test,3.043390795852911,0.08106642157975572,,3.571428571428571,2.128623188405797,3.8324290540548884,2.913682640500975,2.514605750333001,2.706112666154045
TN_FP,hbond_don_sc_atom_5_7.5_P,Kruskal-Wallis Test,8.775985526571683,0.0030522220202875987,STAT SIG,1.639344262295082,3.337041156840934,2.1581674622704012,3.846467117348482,1.9909920084315844,2.395726269551611
TP_FN,hbond_acc_sc_atom_5_7.5_P,Kruskal-Wallis Test,1.5343941156302237,0.21545416243109858,,3.9230769230769234,2.5657894736842106,3.98074614561171,3.1796621732416552,2.5118568270707873,2.42288291724619
TN_FP,hbond_acc_sc_atom_5_7.5_P,Kruskal-Wallis Test,0.0958364679382605,0.7568844312997671,,2.5316455696202533,2.7205882352941178,3.8672956018832108,3.1157090407020887,3.8252714426254935,2.2470930841482883
TP_FN,hbond_don_bb_atom_5_7.5_P,ANOVA,1.9040665447442648,0.17120081348667332,,11.299795709908068,12.403846153846153,11.069933141726743,12.061891114191116,2.9665356495125295,2.771341191153433
TN_FP,hbond_don_bb_atom_5_7.5_P,Kruskal-Wallis Test,1.609498392532067,0.20456232698210997,,12.5,12.018613607188703,12.165327816293118,11.133476945625722,3.002694338349362,3.0933330797977074
TP_FN,hbond_acc_bb_atom_5_7.5_P,ANOVA,0.24457639685934712,0.6221811658324423,,9.523809523809524,9.026162790697676,9.554429579643502,9.917511252760297,2.6898383706229247,3.745221966308373
TN_FP,hbond_acc_bb_atom_5_7.5_P,ANOVA,0.3085380185495409,0.580188988004599,,9.836065573770492,9.95964783565664,9.4169196527993,9.771407367226153,2.613132271716382,2.598185885396558
TP_FN,saas_P_7.5,Kruskal-Wallis Test,11.84326856442781,0.0005787015822971143,STAT SIG,4.444444444444445,15.925925925925926,7.362514029180696,21.48148148148148,10.158086748822484,22.414220545095834
TN_FP,saas_P_7.5,Kruskal-Wallis Test,0.5013646954398959,0.4789010998478005,,10.37037037037037,11.11111111111111,23.447811447811446,14.228395061728396,27.377441885145696,14.709738746415365
TP_FN,ratio_mean,Kruskal-Wallis Test,0.013372421621947858,0.9079385043149748,,1.922959095835682,1.9402990887562375,1.9418741240242827,1.953459369821595,0.7015148187481852,0.607951849728525
TN_FP,ratio_mean,Kruskal-Wallis Test,1.4404719224771931,0.23006298840398562,,16.37,15.878803787231437,15.89021703306473,15.737095119555782,2.669794015467148,2.4524985343562453
