,CYS_P_7.5,ASP_P_7.5,SER_P_7.5,GLN_P_7.5,LYS_P_7.5,ILE_P_7.5,PRO_P_7.5,THR_P_7.5,PHE_P_7.5,ASN_P_7.5,GLY_P_7.5,HIS_P_7.5,LEU_P_7.5,ARG_P_7.5,TRP_P_7.5,ALA_P_7.5,VAL_P_7.5,GLU_P_7.5,TYR_P_7.5,MET_P_7.5,hbond_don_sc_atom_5_P,hbond_acc_sc_atom_5_P,hbond_don_bb_atom_5_P,hbond_acc_bb_atom_5_P,hbond_don_sc_atom_5_7.5_P,hbond_acc_sc_atom_5_7.5_P,hbond_don_bb_atom_5_7.5_P,hbond_acc_bb_atom_5_7.5_P,saas_P_7.5,index,identifier,ratio_mean,y_actual,y_predicted,correct
0,10.0,0.0,5.0,5.0,5.0,5.0,0.0,0.0,5.0,0.0,5.0,0.0,15.0,5.0,0.0,15.0,0.0,15.0,5.0,5.0,0.0,0.0,3.571428571428571,2.380952380952381,1.1904761904761905,1.1904761904761905,13.095238095238097,11.904761904761903,0.7407407407407408,0,O00329_C147,19.09,0,1,0
1,0.0,0.0,20.0,0.0,0.0,0.0,10.0,0.0,0.0,0.0,10.0,0.0,10.0,0.0,0.0,0.0,40.0,10.0,0.0,0.0,0.0,0.0,4.25531914893617,6.382978723404255,4.25531914893617,4.25531914893617,6.382978723404255,12.76595744680851,45.18518518518518,1,O00329_C366,17.76,0,0,1
2,6.25,12.5,6.25,0.0,12.5,6.25,6.25,0.0,6.25,6.25,0.0,0.0,6.25,0.0,0.0,12.5,0.0,12.5,0.0,6.25,0.0,0.0,4.166666666666666,4.166666666666666,1.3888888888888888,2.7777777777777777,8.333333333333332,11.11111111111111,9.62962962962963,2,O14929_C299,1.7743642330169616,1,1,1
3,9.090909090909092,9.090909090909092,4.545454545454546,4.545454545454546,9.090909090909092,9.090909090909092,0.0,4.545454545454546,4.545454545454546,0.0,18.181818181818183,0.0,9.090909090909092,0.0,0.0,4.545454545454546,9.090909090909092,4.545454545454546,0.0,0.0,2.380952380952381,3.571428571428571,3.571428571428571,4.761904761904762,2.380952380952381,5.952380952380952,15.476190476190476,13.095238095238097,8.148148148148149,3,O43148_C206,2.501568985,1,0,0
4,10.526315789473683,10.526315789473683,0.0,0.0,5.263157894736842,0.0,0.0,0.0,5.263157894736842,0.0,10.526315789473683,0.0,26.31578947368421,5.263157894736842,0.0,10.526315789473683,5.263157894736842,0.0,10.526315789473683,0.0,1.162790697674419,1.162790697674419,1.162790697674419,4.651162790697675,1.162790697674419,1.162790697674419,17.441860465116278,9.30232558139535,7.4074074074074066,4,O43156_C682,1.237949709097543,1,0,0
5,0.0,0.0,6.25,0.0,12.5,6.25,6.25,0.0,12.5,0.0,0.0,0.0,18.75,0.0,6.25,0.0,12.5,0.0,18.75,0.0,0.0,0.0,1.2345679012345678,3.7037037037037033,1.2345679012345678,0.0,9.876543209876544,7.4074074074074066,0.0,5,O60234_C87,1.7803646683692915,1,0,0
6,5.263157894736842,0.0,0.0,0.0,0.0,5.263157894736842,0.0,0.0,5.263157894736842,5.263157894736842,10.526315789473683,21.052631578947366,15.789473684210526,10.526315789473683,0.0,0.0,10.526315789473683,5.263157894736842,5.263157894736842,0.0,1.282051282051282,1.282051282051282,2.564102564102564,3.8461538461538463,7.6923076923076925,3.8461538461538463,7.6923076923076925,7.6923076923076925,5.9259259259259265,6,O60568_C691,1.415,1,1,1
7,0.0,20.0,20.0,0.0,0.0,0.0,0.0,20.0,20.0,20.0,0.0,0.0,0.0,0.0,0.0,0.0,0.0,0.0,0.0,0.0,3.3333333333333335,3.3333333333333335,6.666666666666667,0.0,3.3333333333333335,10.0,6.666666666666667,13.333333333333334,37.77777777777778,7,O60671_C148,16.8,0,0,1
8,0.0,0.0,0.0,0.0,5.263157894736842,5.263157894736842,0.0,5.263157894736842,5.263157894736842,0.0,5.263157894736842,15.789473684210526,15.789473684210526,0.0,0.0,15.789473684210526,15.789473684210526,5.263157894736842,0.0,5.263157894736842,0.0,0.0,1.2195121951219512,1.2195121951219512,2.4390243902439024,2.4390243902439024,12.195121951219512,10.975609756097562,0.0,8,O75582_C475,16.92,0,1,0
9,0.0,0.0,6.666666666666667,0.0,6.666666666666667,13.333333333333334,6.666666666666667,0.0,6.666666666666667,0.0,6.666666666666667,0.0,20.0,0.0,0.0,13.333333333333334,0.0,6.666666666666667,13.333333333333334,0.0,1.4925373134328357,1.4925373134328357,4.477611940298507,1.4925373134328357,0.0,0.0,8.955223880597014,10.44776119402985,5.185185185185185,9,O75818_C49,16.58,0,0,1
10,0.0,4.3478260869565215,8.695652173913043,4.3478260869565215,0.0,0.0,0.0,13.043478260869565,0.0,8.695652173913043,0.0,4.3478260869565215,17.391304347826086,8.695652173913043,4.3478260869565215,13.043478260869565,4.3478260869565215,0.0,4.3478260869565215,4.3478260869565215,1.0638297872340423,0.0,4.25531914893617,5.319148936170213,2.127659574468085,5.319148936170213,14.893617021276595,8.51063829787234,0.7407407407407408,10,O75832_C11,1.3870631754398342,1,1,1
11,0.0,11.11111111111111,11.11111111111111,22.22222222222222,0.0,0.0,0.0,11.11111111111111,11.11111111111111,0.0,0.0,0.0,11.11111111111111,11.11111111111111,0.0,0.0,0.0,0.0,0.0,11.11111111111111,2.5,5.0,2.5,0.0,2.5,7.5,10.0,7.5,52.59259259259259,11,P00973_C25,15.3,0,0,1
12,0.0,16.666666666666664,0.0,16.666666666666664,0.0,0.0,8.333333333333332,0.0,0.0,16.666666666666664,8.333333333333332,8.333333333333332,0.0,8.333333333333332,0.0,0.0,0.0,0.0,0.0,16.666666666666664,1.639344262295082,1.639344262295082,4.918032786885246,3.278688524590164,6.557377049180328,6.557377049180328,8.19672131147541,11.475409836065571,34.81481481481482,12,P04040_C393,17.88981804131303,0,0,1
13,10.526315789473683,5.263157894736842,0.0,0.0,5.263157894736842,10.526315789473683,0.0,5.263157894736842,5.263157894736842,0.0,0.0,0.0,15.789473684210526,0.0,5.263157894736842,21.052631578947366,5.263157894736842,5.263157894736842,0.0,5.263157894736842,1.351351351351351,1.351351351351351,1.351351351351351,1.351351351351351,1.351351351351351,1.351351351351351,12.162162162162163,8.108108108108109,11.11111111111111,13,P05023_C459,0.34,1,1,1
14,13.333333333333334,6.666666666666667,6.666666666666667,6.666666666666667,13.333333333333334,6.666666666666667,0.0,0.0,6.666666666666667,0.0,6.666666666666667,0.0,6.666666666666667,0.0,6.666666666666667,6.666666666666667,0.0,6.666666666666667,0.0,6.666666666666667,2.9850746268656714,1.4925373134328357,1.4925373134328357,2.9850746268656714,4.477611940298507,4.477611940298507,10.44776119402985,7.462686567164178,19.25925925925926,14,P05023_C463,0.34,1,1,1
15,16.666666666666664,25.0,0.0,0.0,8.333333333333332,0.0,0.0,8.333333333333332,0.0,0.0,8.333333333333332,0.0,0.0,0.0,0.0,8.333333333333332,0.0,0.0,25.0,0.0,0.0,5.769230769230769,3.8461538461538463,0.0,3.8461538461538463,7.6923076923076925,7.6923076923076925,9.615384615384617,17.037037037037038,15,P06280_C172,1.91,1,1,1
16,7.6923076923076925,0.0,7.6923076923076925,7.6923076923076925,7.6923076923076925,0.0,15.384615384615383,0.0,7.6923076923076925,0.0,7.6923076923076925,7.6923076923076925,0.0,7.6923076923076925,7.6923076923076925,7.6923076923076925,0.0,0.0,7.6923076923076925,0.0,0.0,0.0,4.761904761904762,1.5873015873015872,6.349206349206349,3.1746031746031744,7.936507936507936,12.698412698412698,14.814814814814811,16,P07237_C397,1.09,1,1,1
17,5.88235294117647,0.0,0.0,0.0,5.88235294117647,0.0,11.76470588235294,5.88235294117647,5.88235294117647,0.0,11.76470588235294,5.88235294117647,5.88235294117647,0.0,5.88235294117647,17.647058823529413,0.0,5.88235294117647,11.76470588235294,0.0,1.1904761904761905,2.380952380952381,2.380952380952381,5.952380952380952,0.0,1.1904761904761905,13.095238095238097,7.142857142857142,4.444444444444445,17,P07237_C56,1.7225697040557786,1,1,1
18,9.523809523809524,9.523809523809524,9.523809523809524,4.761904761904762,0.0,4.761904761904762,4.761904761904762,4.761904761904762,4.761904761904762,4.761904761904762,23.809523809523807,0.0,4.761904761904762,4.761904761904762,4.761904761904762,0.0,0.0,0.0,4.761904761904762,0.0,2.272727272727273,2.272727272727273,3.4090909090909087,2.272727272727273,6.8181818181818175,1.1363636363636365,9.090909090909092,11.363636363636363,0.0,18,P07858_C105,1.57,1,1,1
19,0.0,0.0,7.142857142857142,0.0,0.0,0.0,7.142857142857142,14.285714285714285,0.0,7.142857142857142,7.142857142857142,0.0,28.57142857142857,7.142857142857142,14.285714285714285,0.0,0.0,0.0,7.142857142857142,0.0,2.5,1.25,2.5,5.0,3.75,2.5,6.25,8.75,4.444444444444445,19,P08195_C431,2.6487528085708503,1,0,0
20,13.333333333333334,13.333333333333334,0.0,0.0,13.333333333333334,0.0,0.0,6.666666666666667,0.0,6.666666666666667,6.666666666666667,13.333333333333334,0.0,6.666666666666667,0.0,0.0,6.666666666666667,6.666666666666667,6.666666666666667,0.0,6.666666666666667,5.333333333333334,1.3333333333333337,4.0,4.0,4.0,14.666666666666666,9.333333333333334,5.9259259259259265,20,P09234_C9,1.3649650514125824,1,1,1
21,0.0,27.77777777777778,5.555555555555555,0.0,5.555555555555555,11.11111111111111,5.555555555555555,16.666666666666664,0.0,0.0,0.0,0.0,5.555555555555555,5.555555555555555,5.555555555555555,5.555555555555555,0.0,0.0,5.555555555555555,0.0,2.2222222222222223,3.3333333333333335,0.0,3.3333333333333335,4.444444444444445,4.444444444444445,11.11111111111111,5.555555555555555,0.0,21,P09960_C8,2.187706604599946,1,1,1
22,7.142857142857142,7.142857142857142,0.0,0.0,7.142857142857142,0.0,0.0,0.0,7.142857142857142,0.0,0.0,7.142857142857142,7.142857142857142,7.142857142857142,0.0,0.0,28.57142857142857,7.142857142857142,7.142857142857142,7.142857142857142,4.0,2.666666666666667,1.3333333333333337,2.666666666666667,2.666666666666667,0.0,10.666666666666668,10.666666666666668,10.37037037037037,22,P11171_C224,18.16,0,0,1
23,0.0,0.0,0.0,0.0,0.0,0.0,0.0,18.75,0.0,0.0,6.25,12.5,12.5,0.0,0.0,12.5,25.0,12.5,0.0,0.0,1.3157894736842104,1.3157894736842104,2.631578947368421,3.9473684210526314,3.9473684210526314,6.578947368421052,11.842105263157894,10.526315789473683,1.4814814814814816,23,P11586_C195,15.0,0,1,0
24,0.0,5.0,0.0,0.0,5.0,5.0,5.0,10.0,0.0,0.0,10.0,0.0,15.0,0.0,0.0,15.0,25.0,5.0,0.0,0.0,0.0,0.0,5.747126436781609,6.896551724137931,1.1494252873563218,4.597701149425287,10.344827586206897,9.195402298850574,0.0,24,P11766_C170,15.37,0,0,1
25,0.0,9.090909090909092,9.090909090909092,0.0,0.0,4.545454545454546,4.545454545454546,0.0,0.0,4.545454545454546,4.545454545454546,0.0,22.727272727272727,4.545454545454546,0.0,18.181818181818183,13.636363636363637,4.545454545454546,0.0,0.0,0.0,0.0,5.555555555555555,4.444444444444445,2.2222222222222223,4.444444444444445,10.0,8.88888888888889,0.0,25,P13489_C159,2.5057674447695306,1,1,1
26,11.76470588235294,5.88235294117647,0.0,0.0,0.0,5.88235294117647,5.88235294117647,0.0,0.0,0.0,11.76470588235294,5.88235294117647,23.52941176470588,5.88235294117647,0.0,11.76470588235294,5.88235294117647,5.88235294117647,0.0,0.0,0.0,0.0,1.4084507042253522,5.633802816901409,0.0,1.4084507042253522,15.492957746478872,8.450704225352112,16.296296296296298,26,P13489_C220,15.87,0,1,0
27,0.0,0.0,5.555555555555555,0.0,5.555555555555555,16.666666666666664,0.0,5.555555555555555,0.0,0.0,0.0,0.0,27.77777777777778,0.0,0.0,5.555555555555555,27.77777777777778,5.555555555555555,0.0,0.0,0.0,0.0,2.4691358024691357,3.7037037037037033,1.2345679012345678,1.2345679012345678,9.876543209876544,9.876543209876544,0.0,27,P13804_C53,18.62,0,0,1
28,0.0,5.263157894736842,5.263157894736842,10.526315789473683,5.263157894736842,5.263157894736842,5.263157894736842,0.0,10.526315789473683,10.526315789473683,5.263157894736842,0.0,10.526315789473683,10.526315789473683,0.0,0.0,5.263157894736842,0.0,5.263157894736842,5.263157894736842,0.0,0.0,3.5294117647058822,4.705882352941177,4.705882352941177,7.0588235294117645,10.588235294117649,8.235294117647058,5.185185185185185,28,P15498_C71,2.9684958457946715,1,1,1
29,0.0,0.0,20.0,20.0,0.0,0.0,0.0,20.0,0.0,0.0,0.0,0.0,0.0,0.0,20.0,20.0,0.0,0.0,0.0,0.0,0.0,0.0,6.666666666666667,0.0,6.666666666666667,6.666666666666667,13.333333333333334,20.0,98.51851851851852,29,P15531_C145,2.584247832,1,0,0
30,0.0,0.0,9.090909090909092,0.0,18.181818181818183,0.0,0.0,0.0,18.181818181818183,0.0,0.0,0.0,0.0,9.090909090909092,0.0,18.181818181818183,18.181818181818183,0.0,0.0,9.090909090909092,0.0,0.0,1.7857142857142856,3.571428571428571,8.928571428571429,1.7857142857142856,8.928571428571429,10.714285714285714,37.77777777777778,30,P15880_C143,2.4661191701888963,1,0,0
31,0.0,5.0,5.0,0.0,0.0,10.0,0.0,20.0,10.0,5.0,15.0,0.0,10.0,5.0,0.0,5.0,0.0,10.0,0.0,0.0,1.0416666666666663,1.0416666666666663,5.208333333333334,4.166666666666666,4.166666666666666,4.166666666666666,11.458333333333332,9.375,0.0,31,P17655_C341,19.12,0,1,0
32,5.555555555555555,0.0,0.0,27.77777777777778,0.0,11.11111111111111,0.0,16.666666666666664,0.0,0.0,0.0,0.0,5.555555555555555,5.555555555555555,0.0,11.11111111111111,5.555555555555555,5.555555555555555,5.555555555555555,0.0,0.0,0.0,2.127659574468085,3.1914893617021276,6.382978723404255,6.382978723404255,13.829787234042554,8.51063829787234,8.148148148148149,32,P17844_C200,2.6179038286209058,1,1,1
33,0.0,0.0,4.761904761904762,0.0,4.761904761904762,9.523809523809524,0.0,0.0,9.523809523809524,0.0,4.761904761904762,4.761904761904762,9.523809523809524,14.285714285714285,0.0,19.047619047619047,9.523809523809524,4.761904761904762,4.761904761904762,0.0,0.0,1.2195121951219512,3.658536585365854,2.4390243902439024,2.4390243902439024,2.4390243902439024,10.975609756097562,12.195121951219512,5.9259259259259265,33,P18858_C434,2.8701548576354954,1,1,1
34,0.0,0.0,0.0,5.555555555555555,5.555555555555555,0.0,5.555555555555555,11.11111111111111,0.0,0.0,11.11111111111111,0.0,11.11111111111111,16.666666666666664,5.555555555555555,16.666666666666664,5.555555555555555,5.555555555555555,0.0,0.0,4.411764705882353,1.4705882352941175,2.941176470588235,2.941176470588235,4.411764705882353,4.411764705882353,11.76470588235294,11.76470588235294,4.444444444444445,34,P19447_C342,2.9628320535023938,1,1,1
35,0.0,5.88235294117647,0.0,5.88235294117647,11.76470588235294,17.647058823529413,0.0,0.0,5.88235294117647,0.0,0.0,5.88235294117647,23.52941176470588,0.0,0.0,5.88235294117647,17.647058823529413,0.0,0.0,0.0,0.0,0.0,4.597701149425287,6.896551724137931,0.0,1.1494252873563218,9.195402298850574,5.747126436781609,4.444444444444445,35,P19838_C272,15.96,0,0,1
36,0.0,0.0,0.0,6.25,6.25,0.0,6.25,6.25,6.25,6.25,6.25,0.0,0.0,6.25,0.0,0.0,18.75,12.5,18.75,0.0,0.0,0.0,5.194805194805195,3.896103896103896,6.493506493506493,5.194805194805195,7.792207792207792,9.090909090909092,14.074074074074074,36,P21333_C2479,9.452584505081145,0,1,0
37,0.0,5.263157894736842,5.263157894736842,0.0,0.0,0.0,0.0,5.263157894736842,5.263157894736842,15.789473684210526,10.526315789473683,15.789473684210526,15.789473684210526,0.0,0.0,5.263157894736842,5.263157894736842,0.0,5.263157894736842,5.263157894736842,1.1764705882352942,1.1764705882352942,3.5294117647058822,3.5294117647058822,2.3529411764705883,4.705882352941177,12.941176470588236,9.411764705882351,6.666666666666667,37,P21580_C103,1.1,1,1,1
38,21.428571428571427,7.142857142857142,0.0,0.0,0.0,0.0,7.142857142857142,0.0,7.142857142857142,0.0,7.142857142857142,7.142857142857142,0.0,14.285714285714285,0.0,14.285714285714285,0.0,7.142857142857142,7.142857142857142,0.0,4.225352112676056,4.225352112676056,2.8169014084507045,1.4084507042253522,2.8169014084507045,5.633802816901409,12.676056338028168,9.859154929577464,11.11111111111111,38,P21580_C767,1.92,1,1,1
39,0.0,0.0,16.666666666666664,0.0,0.0,5.555555555555555,11.11111111111111,5.555555555555555,5.555555555555555,0.0,11.11111111111111,5.555555555555555,5.555555555555555,5.555555555555555,0.0,11.11111111111111,5.555555555555555,5.555555555555555,5.555555555555555,0.0,0.0,0.0,4.819277108433735,6.024096385542169,6.024096385542169,2.4096385542168677,13.253012048192772,9.63855421686747,8.88888888888889,39,P21953_C361,2.323882222175593,1,1,1
40,5.263157894736842,5.263157894736842,0.0,0.0,10.526315789473683,10.526315789473683,10.526315789473683,5.263157894736842,0.0,0.0,0.0,0.0,10.526315789473683,10.526315789473683,0.0,5.263157894736842,15.789473684210526,0.0,10.526315789473683,0.0,1.2048192771084338,1.2048192771084338,2.4096385542168677,7.228915662650602,1.2048192771084338,1.2048192771084338,12.048192771084338,4.819277108433735,8.148148148148149,40,P23368_C198,2.550558745861052,1,1,1
41,0.0,5.263157894736842,5.263157894736842,5.263157894736842,0.0,10.526315789473683,0.0,10.526315789473683,0.0,0.0,15.789473684210526,0.0,10.526315789473683,5.263157894736842,0.0,21.052631578947366,5.263157894736842,0.0,5.263157894736842,0.0,0.0,1.5384615384615383,4.615384615384616,1.5384615384615383,1.5384615384615383,1.5384615384615383,12.307692307692308,15.384615384615383,7.4074074074074066,41,P23396_C97,1.723333333,1,0,0
42,0.0,0.0,0.0,15.789473684210526,0.0,0.0,5.263157894736842,0.0,10.526315789473683,0.0,10.526315789473683,0.0,15.789473684210526,5.263157894736842,5.263157894736842,15.789473684210526,5.263157894736842,0.0,10.526315789473683,0.0,0.0,0.0,3.5294117647058822,3.5294117647058822,1.1764705882352942,1.1764705882352942,12.941176470588236,8.235294117647058,3.7037037037037033,42,P23610_C69,1.6770659685134877,1,1,1
43,9.523809523809524,4.761904761904762,4.761904761904762,9.523809523809524,9.523809523809524,0.0,0.0,0.0,4.761904761904762,4.761904761904762,19.047619047619047,0.0,4.761904761904762,0.0,4.761904761904762,9.523809523809524,4.761904761904762,0.0,4.761904761904762,4.761904761904762,0.0,0.0,4.878048780487805,3.658536585365854,4.878048780487805,4.878048780487805,9.75609756097561,10.975609756097562,0.7407407407407408,43,P25774_C136,1.5,1,1,1
44,4.3478260869565215,0.0,17.391304347826086,4.3478260869565215,0.0,0.0,0.0,0.0,4.3478260869565215,4.3478260869565215,17.391304347826086,4.3478260869565215,4.3478260869565215,4.3478260869565215,8.695652173913043,8.695652173913043,4.3478260869565215,0.0,0.0,13.043478260869565,2.197802197802198,1.098901098901099,4.395604395604396,5.4945054945054945,6.593406593406594,5.4945054945054945,12.087912087912088,8.791208791208792,0.0,44,P25774_C139,1.5,1,1,1
45,0.0,0.0,0.0,0.0,0.0,21.428571428571427,0.0,0.0,7.142857142857142,7.142857142857142,0.0,7.142857142857142,21.428571428571427,14.285714285714285,0.0,7.142857142857142,7.142857142857142,0.0,0.0,7.142857142857142,4.0,1.3333333333333337,1.3333333333333337,4.0,1.3333333333333337,0.0,13.333333333333334,8.0,1.4814814814814816,45,P25786_C85,2.1020597219467154,1,0,0
46,11.11111111111111,0.0,5.555555555555555,0.0,5.555555555555555,0.0,0.0,5.555555555555555,5.555555555555555,0.0,0.0,11.11111111111111,5.555555555555555,5.555555555555555,5.555555555555555,16.666666666666664,11.11111111111111,11.11111111111111,0.0,0.0,7.894736842105263,7.894736842105263,3.9473684210526314,0.0,2.631578947368421,2.631578947368421,13.157894736842104,17.105263157894736,5.9259259259259265,46,P26358_C893,1.4,1,1,1
47,10.526315789473683,0.0,5.263157894736842,0.0,5.263157894736842,15.789473684210526,10.526315789473683,5.263157894736842,5.263157894736842,0.0,0.0,0.0,15.789473684210526,5.263157894736842,10.526315789473683,0.0,5.263157894736842,5.263157894736842,0.0,0.0,1.0416666666666663,1.0416666666666663,2.083333333333333,2.083333333333333,3.125,3.125,7.291666666666667,9.375,0.7407407407407408,47,P27695_C65,15.81,0,1,0
48,0.0,9.090909090909092,0.0,0.0,0.0,0.0,0.0,0.0,9.090909090909092,0.0,27.27272727272727,0.0,0.0,18.181818181818183,0.0,0.0,9.090909090909092,9.090909090909092,9.090909090909092,9.090909090909092,3.278688524590164,1.639344262295082,3.278688524590164,3.278688524590164,1.639344262295082,1.639344262295082,11.475409836065571,8.19672131147541,27.40740740740741,48,P29350_C171,1.39,1,0,0
49,5.555555555555555,0.0,5.555555555555555,5.555555555555555,5.555555555555555,5.555555555555555,5.555555555555555,5.555555555555555,16.666666666666664,5.555555555555555,16.666666666666664,0.0,5.555555555555555,0.0,0.0,5.555555555555555,0.0,11.11111111111111,0.0,0.0,1.3888888888888888,2.7777777777777777,2.7777777777777777,0.0,2.7777777777777777,5.555555555555555,6.944444444444445,9.722222222222223,8.148148148148149,49,P30038_C348,2.977820197741181,1,1,1
50,0.0,0.0,0.0,0.0,10.526315789473683,21.052631578947366,0.0,0.0,10.526315789473683,5.263157894736842,0.0,0.0,21.052631578947366,5.263157894736842,0.0,0.0,10.526315789473683,10.526315789473683,0.0,5.263157894736842,0.0,0.0,1.2345679012345678,1.2345679012345678,0.0,0.0,12.34567901234568,8.641975308641975,0.0,50,P30153_C310,17.14,0,0,1
51,10.0,0.0,0.0,5.0,0.0,0.0,0.0,0.0,20.0,15.0,10.0,0.0,10.0,0.0,5.0,10.0,5.0,5.0,5.0,0.0,2.7777777777777777,2.7777777777777777,4.166666666666666,1.3888888888888888,2.7777777777777777,0.0,5.555555555555555,12.5,5.185185185185185,51,P30837_C318,1.26,1,1,1
52,11.11111111111111,0.0,0.0,5.555555555555555,0.0,0.0,0.0,5.555555555555555,16.666666666666664,5.555555555555555,16.666666666666664,0.0,11.11111111111111,0.0,5.555555555555555,5.555555555555555,0.0,11.11111111111111,0.0,5.555555555555555,3.225806451612903,3.225806451612903,1.6129032258064515,1.6129032258064515,1.6129032258064515,4.838709677419355,8.064516129032258,9.67741935483871,20.74074074074074,52,P30837_C319,1.26,1,1,1
53,11.76470588235294,0.0,5.88235294117647,0.0,0.0,5.88235294117647,0.0,0.0,17.647058823529413,5.88235294117647,5.88235294117647,0.0,5.88235294117647,0.0,11.76470588235294,17.647058823529413,5.88235294117647,0.0,5.88235294117647,0.0,1.4492753623188406,1.4492753623188406,2.898550724637681,0.0,5.797101449275362,2.898550724637681,8.695652173913043,8.695652173913043,3.7037037037037033,53,P30837_C320,1.26,1,1,1
54,4.3478260869565215,8.695652173913043,4.3478260869565215,4.3478260869565215,0.0,4.3478260869565215,4.3478260869565215,8.695652173913043,0.0,4.3478260869565215,13.043478260869565,8.695652173913043,8.695652173913043,4.3478260869565215,0.0,13.043478260869565,4.3478260869565215,0.0,0.0,4.3478260869565215,1.1235955056179776,2.247191011235955,4.49438202247191,3.3707865168539324,4.49438202247191,6.741573033707865,11.235955056179774,13.48314606741573,1.4814814814814816,54,P31040_C443,2.5018599033355624,1,1,1
55,0.0,15.0,0.0,0.0,5.0,5.0,0.0,15.0,5.0,0.0,5.0,0.0,15.0,5.0,0.0,0.0,15.0,10.0,5.0,0.0,0.0,0.0,2.272727272727273,4.545454545454546,3.4090909090909087,2.272727272727273,11.363636363636363,7.954545454545454,1.4814814814814816,55,P31751_C297,2.058139801,1,1,1
56,0.0,0.0,0.0,0.0,12.5,0.0,12.5,12.5,0.0,0.0,0.0,0.0,0.0,0.0,0.0,0.0,12.5,37.5,12.5,0.0,4.0,4.0,0.0,6.0,0.0,2.0,12.0,4.0,18.51851851851852,56,P35236_C228,19.48,0,0,1
57,5.263157894736842,5.263157894736842,5.263157894736842,5.263157894736842,10.526315789473683,10.526315789473683,5.263157894736842,5.263157894736842,5.263157894736842,0.0,21.052631578947366,0.0,5.263157894736842,0.0,0.0,0.0,5.263157894736842,10.526315789473683,0.0,0.0,0.0,1.3333333333333337,1.3333333333333337,4.0,5.333333333333334,4.0,14.666666666666666,8.0,6.666666666666667,57,P35998_C180,15.93,0,1,0
58,5.555555555555555,5.555555555555555,16.666666666666664,5.555555555555555,0.0,11.11111111111111,0.0,0.0,11.11111111111111,0.0,5.555555555555555,0.0,0.0,5.555555555555555,0.0,11.11111111111111,16.666666666666664,0.0,0.0,5.555555555555555,2.272727272727273,2.272727272727273,1.1363636363636365,4.545454545454546,2.272727272727273,2.272727272727273,14.772727272727272,6.8181818181818175,0.0,58,P36551_C192,17.03,0,0,1
59,0.0,10.0,0.0,10.0,15.0,0.0,10.0,5.0,15.0,0.0,5.0,0.0,0.0,5.0,0.0,0.0,5.0,0.0,15.0,5.0,2.2222222222222223,0.0,1.1111111111111112,2.2222222222222223,4.444444444444445,4.444444444444445,7.777777777777778,13.333333333333334,0.0,59,P38606_C532,1.61,1,1,1
60,0.0,4.761904761904762,9.523809523809524,4.761904761904762,4.761904761904762,4.761904761904762,0.0,0.0,14.285714285714285,4.761904761904762,0.0,14.285714285714285,14.285714285714285,0.0,0.0,4.761904761904762,4.761904761904762,4.761904761904762,0.0,9.523809523809524,1.0869565217391304,1.0869565217391304,1.0869565217391304,3.260869565217391,1.0869565217391304,3.260869565217391,14.130434782608695,5.434782608695652,0.0,60,P39748_C141,2.2746973290652046,1,1,1
61,0.0,11.76470588235294,5.88235294117647,0.0,17.647058823529413,5.88235294117647,0.0,0.0,5.88235294117647,0.0,11.76470588235294,0.0,11.76470588235294,5.88235294117647,0.0,5.88235294117647,11.76470588235294,0.0,5.88235294117647,0.0,0.0,0.0,2.5,5.0,3.75,2.5,12.5,11.25,4.444444444444445,61,P40227_C282,15.0,0,0,1
62,9.523809523809524,4.761904761904762,0.0,0.0,4.761904761904762,19.047619047619047,0.0,4.761904761904762,0.0,0.0,19.047619047619047,4.761904761904762,14.285714285714285,0.0,0.0,9.523809523809524,4.761904761904762,0.0,4.761904761904762,0.0,0.0,0.0,3.5294117647058822,5.88235294117647,1.1764705882352942,1.1764705882352942,14.117647058823527,11.76470588235294,0.0,62,P40306_C83,16.27,0,0,1
63,5.555555555555555,0.0,0.0,5.555555555555555,5.555555555555555,5.555555555555555,0.0,0.0,0.0,11.11111111111111,5.555555555555555,5.555555555555555,16.666666666666664,5.555555555555555,0.0,11.11111111111111,11.11111111111111,0.0,5.555555555555555,5.555555555555555,2.197802197802198,1.098901098901099,3.296703296703297,4.395604395604396,1.098901098901099,1.098901098901099,13.186813186813188,10.989010989010987,0.0,63,P41227_C17,2.5526638835735818,1,1,1
64,0.0,5.88235294117647,0.0,5.88235294117647,0.0,5.88235294117647,0.0,17.647058823529413,5.88235294117647,0.0,5.88235294117647,5.88235294117647,0.0,5.88235294117647,0.0,11.76470588235294,11.76470588235294,11.76470588235294,5.88235294117647,0.0,1.1904761904761905,1.1904761904761905,2.380952380952381,3.571428571428571,3.571428571428571,5.952380952380952,15.476190476190476,9.523809523809524,8.148148148148149,64,P42285_C110,1.7648347986018162,1,1,1
65,0.0,5.555555555555555,0.0,5.555555555555555,5.555555555555555,11.11111111111111,0.0,0.0,5.555555555555555,5.555555555555555,0.0,0.0,16.666666666666664,5.555555555555555,0.0,11.11111111111111,11.11111111111111,5.555555555555555,5.555555555555555,5.555555555555555,1.351351351351351,0.0,4.054054054054054,5.405405405405405,2.702702702702702,2.702702702702702,10.81081081081081,5.405405405405405,0.7407407407407408,65,P43403_C405,2.358763826805895,1,1,1
66,0.0,0.0,0.0,0.0,11.11111111111111,0.0,0.0,11.11111111111111,0.0,0.0,22.22222222222222,11.11111111111111,0.0,0.0,0.0,11.11111111111111,11.11111111111111,11.11111111111111,11.11111111111111,0.0,0.0,0.0,0.0,2.564102564102564,5.128205128205128,10.256410256410255,12.82051282051282,10.256410256410255,48.888888888888886,66,P43403_C78,16.37,0,0,1
67,0.0,0.0,5.88235294117647,0.0,0.0,5.88235294117647,5.88235294117647,0.0,17.647058823529413,0.0,5.88235294117647,0.0,35.294117647058826,0.0,0.0,5.88235294117647,0.0,11.76470588235294,5.88235294117647,0.0,0.0,0.0,1.282051282051282,3.8461538461538463,1.282051282051282,1.282051282051282,10.256410256410255,5.128205128205128,3.7037037037037033,67,P43403_C84,16.37,0,0,1
68,0.0,7.142857142857142,14.285714285714285,0.0,7.142857142857142,7.142857142857142,7.142857142857142,0.0,0.0,7.142857142857142,0.0,7.142857142857142,14.285714285714285,0.0,0.0,14.285714285714285,7.142857142857142,0.0,7.142857142857142,0.0,2.941176470588235,2.941176470588235,4.411764705882353,1.4705882352941175,2.941176470588235,2.941176470588235,10.294117647058822,13.23529411764706,8.88888888888889,68,P45985_C158,15.9,0,1,0
69,5.88235294117647,0.0,0.0,5.88235294117647,0.0,5.88235294117647,0.0,5.88235294117647,11.76470588235294,11.76470588235294,11.76470588235294,0.0,11.76470588235294,0.0,5.88235294117647,0.0,5.88235294117647,11.76470588235294,5.88235294117647,0.0,1.639344262295082,1.639344262295082,0.0,0.0,1.639344262295082,4.918032786885246,8.19672131147541,9.836065573770492,20.74074074074074,69,P49189_C288,1.2,1,1,1
70,0.0,0.0,0.0,0.0,0.0,0.0,0.0,12.5,12.5,0.0,12.5,0.0,12.5,0.0,0.0,0.0,25.0,12.5,12.5,0.0,0.0,0.0,2.702702702702702,2.702702702702702,2.702702702702702,2.702702702702702,16.216216216216218,13.513513513513514,70.37037037037037,70,P49189_C484,17.02,0,0,1
71,6.25,0.0,0.0,0.0,0.0,25.0,0.0,12.5,6.25,0.0,0.0,0.0,18.75,0.0,0.0,18.75,12.5,0.0,0.0,0.0,0.0,0.0,1.2658227848101269,3.79746835443038,2.5316455696202533,2.5316455696202533,12.658227848101266,8.860759493670885,0.0,71,P49736_C584,18.47664165496824,0,0,1
72,0.0,5.555555555555555,0.0,5.555555555555555,11.11111111111111,5.555555555555555,0.0,0.0,11.11111111111111,0.0,11.11111111111111,0.0,22.22222222222222,0.0,0.0,5.555555555555555,11.11111111111111,5.555555555555555,0.0,5.555555555555555,0.0,0.0,1.3157894736842104,1.3157894736842104,0.0,0.0,13.157894736842104,6.578947368421052,3.7037037037037033,72,P49748_C477,1.64,1,0,0
73,0.0,7.142857142857142,0.0,0.0,7.142857142857142,0.0,7.142857142857142,7.142857142857142,0.0,0.0,21.428571428571427,0.0,7.142857142857142,7.142857142857142,0.0,7.142857142857142,14.285714285714285,14.285714285714285,0.0,0.0,5.172413793103448,3.4482758620689653,3.4482758620689653,5.172413793103448,0.0,1.7241379310344829,13.79310344827586,8.620689655172415,12.592592592592592,73,P50579_C298,16.48,0,0,1
74,9.523809523809524,4.761904761904762,9.523809523809524,9.523809523809524,0.0,0.0,4.761904761904762,9.523809523809524,4.761904761904762,0.0,19.047619047619047,0.0,0.0,4.761904761904762,0.0,4.761904761904762,4.761904761904762,4.761904761904762,9.523809523809524,0.0,2.1505376344086025,2.1505376344086025,4.301075268817205,4.301075268817205,9.67741935483871,7.526881720430108,9.67741935483871,9.67741935483871,0.7407407407407408,74,P53634_C255,1.56,1,1,1
75,0.0,23.076923076923077,0.0,0.0,0.0,0.0,0.0,7.6923076923076925,0.0,15.384615384615383,7.6923076923076925,7.6923076923076925,0.0,23.076923076923077,0.0,7.6923076923076925,0.0,7.6923076923076925,0.0,0.0,7.547169811320755,3.7735849056603774,0.0,1.8867924528301887,3.7735849056603774,9.433962264150944,13.20754716981132,5.660377358490567,27.40740740740741,75,P55212_C68,15.94,0,0,1
76,0.0,5.0,20.0,5.0,0.0,0.0,0.0,0.0,0.0,0.0,0.0,10.0,0.0,10.0,10.0,5.0,35.0,0.0,0.0,0.0,0.0,0.0,6.315789473684211,4.2105263157894735,5.263157894736842,7.368421052631578,7.368421052631578,10.526315789473683,0.0,76,P55735_C234,2.8960377176602554,1,0,0
77,0.0,6.25,6.25,12.5,0.0,0.0,0.0,0.0,0.0,0.0,6.25,0.0,50.0,6.25,0.0,0.0,0.0,12.5,0.0,0.0,0.0,0.0,4.285714285714286,5.714285714285714,0.0,0.0,14.285714285714285,10.0,12.592592592592592,77,P57764_C309,19.06,0,0,1
78,0.0,0.0,0.0,5.88235294117647,0.0,23.52941176470588,5.88235294117647,11.76470588235294,5.88235294117647,0.0,0.0,11.76470588235294,5.88235294117647,11.76470588235294,5.88235294117647,5.88235294117647,0.0,0.0,0.0,5.88235294117647,6.024096385542169,6.024096385542169,0.0,1.2048192771084338,1.2048192771084338,1.2048192771084338,10.843373493975903,6.024096385542169,0.0,78,P60228_C250,2.848319173,1,1,1
79,0.0,10.526315789473683,0.0,0.0,10.526315789473683,5.263157894736842,10.526315789473683,10.526315789473683,15.789473684210526,5.263157894736842,15.789473684210526,0.0,0.0,0.0,0.0,0.0,10.526315789473683,0.0,5.263157894736842,0.0,0.0,0.0,5.333333333333334,6.666666666666667,2.666666666666667,5.333333333333334,12.0,12.0,9.62962962962963,79,P62487_C38,15.0,0,0,1
80,25.0,0.0,6.25,0.0,6.25,0.0,6.25,6.25,6.25,0.0,6.25,0.0,6.25,0.0,0.0,6.25,6.25,6.25,6.25,6.25,1.2048192771084338,1.2048192771084338,4.819277108433735,0.0,3.614457831325301,3.614457831325301,12.048192771084338,13.253012048192772,0.0,80,P62979_C141,2.311070561408986,1,1,1
81,0.0,0.0,0.0,0.0,0.0,0.0,0.0,16.666666666666664,0.0,0.0,33.33333333333333,0.0,0.0,16.666666666666664,0.0,0.0,0.0,16.666666666666664,16.666666666666664,0.0,0.0,0.0,7.142857142857142,3.571428571428571,0.0,7.142857142857142,7.142857142857142,10.714285714285714,90.37037037037037,81,Q00653_C57,18.43,0,0,1
82,0.0,0.0,0.0,0.0,0.0,0.0,10.0,5.0,0.0,5.0,5.0,0.0,20.0,5.0,0.0,20.0,25.0,5.0,0.0,0.0,0.0,0.0,2.4096385542168677,3.614457831325301,3.614457831325301,2.4096385542168677,10.843373493975903,10.843373493975903,6.666666666666667,82,Q01813_C343,8.286412084238215,0,0,1
83,0.0,14.285714285714285,0.0,7.142857142857142,14.285714285714285,0.0,0.0,14.285714285714285,7.142857142857142,0.0,7.142857142857142,0.0,0.0,0.0,0.0,7.142857142857142,7.142857142857142,7.142857142857142,14.285714285714285,0.0,0.0,1.4705882352941175,4.411764705882353,1.4705882352941175,2.941176470588235,5.88235294117647,8.823529411764707,13.23529411764706,34.81481481481482,83,Q02218_C395,9.02661564,0,0,1
84,0.0,10.0,5.0,0.0,10.0,5.0,0.0,0.0,0.0,5.0,0.0,5.0,20.0,5.0,0.0,10.0,15.0,0.0,0.0,10.0,0.0,0.0,2.3255813953488373,4.651162790697675,2.3255813953488373,2.3255813953488373,9.30232558139535,11.627906976744184,0.0,84,Q08881_C488,16.31,0,0,1
85,0.0,0.0,0.0,7.142857142857142,14.285714285714285,7.142857142857142,0.0,7.142857142857142,0.0,0.0,0.0,7.142857142857142,14.285714285714285,0.0,7.142857142857142,14.285714285714285,7.142857142857142,7.142857142857142,7.142857142857142,0.0,1.3888888888888888,1.3888888888888888,4.166666666666666,5.555555555555555,2.7777777777777777,2.7777777777777777,11.11111111111111,6.944444444444445,25.925925925925924,85,Q09161_C483,1.9991094668706213,1,0,0
86,0.0,5.88235294117647,5.88235294117647,0.0,5.88235294117647,11.76470588235294,0.0,5.88235294117647,0.0,5.88235294117647,0.0,5.88235294117647,5.88235294117647,5.88235294117647,0.0,17.647058823529413,11.76470588235294,5.88235294117647,0.0,5.88235294117647,0.0,0.0,2.73972602739726,2.73972602739726,4.10958904109589,5.47945205479452,13.6986301369863,9.58904109589041,12.592592592592592,86,Q09161_C616,0.613415673,1,1,1
87,5.88235294117647,5.88235294117647,5.88235294117647,0.0,0.0,17.647058823529413,0.0,5.88235294117647,5.88235294117647,0.0,11.76470588235294,11.76470588235294,11.76470588235294,0.0,0.0,0.0,11.76470588235294,5.88235294117647,0.0,0.0,0.0,0.0,4.878048780487805,2.4390243902439024,8.536585365853659,10.975609756097562,7.317073170731707,8.536585365853659,0.7407407407407408,87,Q10471_C227,2.641280015309641,1,1,1
88,0.0,6.666666666666667,13.333333333333334,13.333333333333334,6.666666666666667,6.666666666666667,0.0,0.0,6.666666666666667,0.0,0.0,0.0,6.666666666666667,0.0,0.0,0.0,13.333333333333334,6.666666666666667,6.666666666666667,13.333333333333334,1.2987012987012987,1.2987012987012987,2.5974025974025974,2.5974025974025974,0.0,1.2987012987012987,6.493506493506493,9.090909090909092,10.37037037037037,88,Q13043_C80,18.94,0,0,1
89,0.0,9.090909090909092,0.0,0.0,0.0,0.0,9.090909090909092,9.090909090909092,0.0,0.0,0.0,0.0,27.27272727272727,9.090909090909092,0.0,0.0,18.181818181818183,18.181818181818183,0.0,0.0,0.0,1.694915254237288,3.389830508474576,5.084745762711865,0.0,5.084745762711865,10.16949152542373,5.084745762711865,7.4074074074074066,89,Q13325_C137,2.8018497033574032,1,0,0
90,0.0,11.76470588235294,0.0,0.0,0.0,5.88235294117647,5.88235294117647,5.88235294117647,5.88235294117647,5.88235294117647,5.88235294117647,5.88235294117647,29.411764705882355,5.88235294117647,0.0,5.88235294117647,0.0,0.0,5.88235294117647,0.0,0.0,0.0,2.3255813953488373,3.488372093023256,0.0,2.3255813953488373,13.953488372093023,9.30232558139535,0.0,90,Q13509_C211,1.925918191671364,1,1,1
91,0.0,0.0,0.0,0.0,8.333333333333332,0.0,0.0,0.0,0.0,8.333333333333332,8.333333333333332,0.0,0.0,16.666666666666664,0.0,8.333333333333332,16.666666666666664,25.0,8.333333333333332,0.0,6.521739130434782,6.521739130434782,0.0,6.521739130434782,2.1739130434782608,2.1739130434782608,17.391304347826086,6.521739130434782,20.74074074074074,91,Q13769_C608,1.4927014807859986,1,0,0
92,5.263157894736842,5.263157894736842,10.526315789473683,5.263157894736842,5.263157894736842,5.263157894736842,0.0,0.0,0.0,5.263157894736842,5.263157894736842,0.0,5.263157894736842,10.526315789473683,0.0,0.0,15.789473684210526,15.789473684210526,5.263157894736842,0.0,5.128205128205128,2.564102564102564,2.564102564102564,2.564102564102564,1.282051282051282,3.8461538461538463,11.538461538461538,14.102564102564102,11.851851851851851,92,Q13885_C127,2.271278065944992,1,0,0
93,5.263157894736842,5.263157894736842,10.526315789473683,5.263157894736842,0.0,0.0,5.263157894736842,5.263157894736842,5.263157894736842,5.263157894736842,0.0,5.263157894736842,10.526315789473683,5.263157894736842,10.526315789473683,5.263157894736842,0.0,10.526315789473683,5.263157894736842,0.0,1.1904761904761905,0.0,1.1904761904761905,3.571428571428571,3.571428571428571,2.380952380952381,9.523809523809524,15.476190476190476,2.9629629629629632,93,Q14191_C1070,1.7891568541526768,1,1,1
94,0.0,0.0,0.0,0.0,7.142857142857142,0.0,0.0,0.0,0.0,7.142857142857142,14.285714285714285,7.142857142857142,7.142857142857142,0.0,0.0,14.285714285714285,7.142857142857142,21.428571428571427,14.285714285714285,0.0,0.0,0.0,4.615384615384616,3.076923076923077,7.6923076923076925,9.230769230769232,7.6923076923076925,9.230769230769232,11.11111111111111,94,Q14997_C958,2.4705968499183606,1,1,1
95,0.0,5.88235294117647,17.647058823529413,5.88235294117647,0.0,11.76470588235294,5.88235294117647,0.0,0.0,5.88235294117647,5.88235294117647,0.0,11.76470588235294,5.88235294117647,0.0,0.0,5.88235294117647,0.0,0.0,17.647058823529413,4.10958904109589,0.0,1.36986301369863,5.47945205479452,6.8493150684931505,8.21917808219178,13.6986301369863,4.10958904109589,4.444444444444445,95,Q15020_C472,1.9848996820997031,1,1,1
96,0.0,0.0,0.0,0.0,0.0,5.88235294117647,0.0,5.88235294117647,17.647058823529413,5.88235294117647,11.76470588235294,0.0,5.88235294117647,0.0,5.88235294117647,5.88235294117647,11.76470588235294,11.76470588235294,0.0,11.76470588235294,1.3333333333333337,0.0,1.3333333333333337,2.666666666666667,1.3333333333333337,1.3333333333333337,9.333333333333334,8.0,0.7407407407407408,96,Q15046_C496,2.517187813917785,1,1,1
97,0.0,7.6923076923076925,0.0,7.6923076923076925,0.0,15.384615384615383,0.0,7.6923076923076925,7.6923076923076925,7.6923076923076925,0.0,7.6923076923076925,7.6923076923076925,0.0,0.0,15.384615384615383,7.6923076923076925,7.6923076923076925,0.0,0.0,0.0,3.4482758620689653,1.7241379310344829,1.7241379310344829,3.4482758620689653,1.7241379310344829,13.79310344827586,10.344827586206897,13.333333333333334,97,Q15438_C94,17.42,0,1,0
98,0.0,5.555555555555555,0.0,16.666666666666664,5.555555555555555,11.11111111111111,0.0,0.0,5.555555555555555,11.11111111111111,0.0,0.0,33.33333333333333,0.0,0.0,5.555555555555555,0.0,0.0,0.0,5.555555555555555,0.0,0.0,1.25,2.5,1.25,2.5,13.750000000000002,7.5,0.7407407407407408,98,Q49A26_C486,18.37,0,0,1
99,0.0,0.0,0.0,5.263157894736842,5.263157894736842,21.052631578947366,0.0,0.0,15.789473684210526,0.0,0.0,0.0,15.789473684210526,5.263157894736842,0.0,5.263157894736842,5.263157894736842,10.526315789473683,5.263157894736842,5.263157894736842,0.0,0.0,2.3529411764705883,2.3529411764705883,0.0,0.0,10.588235294117649,8.235294117647058,0.0,99,Q53EL6_C433,17.3,0,0,1
100,0.0,0.0,0.0,6.666666666666667,6.666666666666667,6.666666666666667,6.666666666666667,6.666666666666667,0.0,6.666666666666667,6.666666666666667,0.0,26.666666666666668,0.0,0.0,0.0,6.666666666666667,6.666666666666667,0.0,13.333333333333334,0.0,0.0,4.918032786885246,4.918032786885246,1.639344262295082,3.278688524590164,13.114754098360656,9.836065573770492,24.444444444444443,100,Q7LG56_C279,16.5,0,0,1
101,17.647058823529413,5.88235294117647,0.0,0.0,5.88235294117647,5.88235294117647,5.88235294117647,0.0,0.0,0.0,17.647058823529413,0.0,5.88235294117647,11.76470588235294,0.0,0.0,17.647058823529413,5.88235294117647,0.0,0.0,2.666666666666667,2.666666666666667,9.333333333333334,1.3333333333333337,0.0,0.0,9.333333333333334,14.666666666666666,0.7407407407407408,101,Q7RTV0_C58,16.06,0,0,1
102,23.52941176470588,5.88235294117647,5.88235294117647,0.0,5.88235294117647,5.88235294117647,5.88235294117647,5.88235294117647,0.0,0.0,0.0,0.0,0.0,5.88235294117647,0.0,0.0,11.76470588235294,5.88235294117647,17.647058823529413,0.0,2.5316455696202533,2.5316455696202533,3.79746835443038,1.2658227848101269,1.2658227848101269,3.79746835443038,15.18987341772152,11.39240506329114,3.7037037037037033,102,Q7RTV0_C72,16.06,0,0,1
103,5.555555555555555,5.555555555555555,0.0,0.0,0.0,5.555555555555555,5.555555555555555,5.555555555555555,11.11111111111111,0.0,5.555555555555555,0.0,5.555555555555555,5.555555555555555,0.0,11.11111111111111,16.666666666666664,11.11111111111111,0.0,5.555555555555555,2.3255813953488373,0.0,2.3255813953488373,4.651162790697675,3.488372093023256,5.813953488372093,12.790697674418606,6.976744186046512,0.0,103,Q7Z2W4_C7,2.698130130767812,1,1,1
104,0.0,0.0,10.0,0.0,0.0,0.0,0.0,0.0,20.0,30.0,0.0,0.0,10.0,10.0,10.0,0.0,10.0,0.0,0.0,0.0,3.636363636363636,0.0,1.818181818181818,3.636363636363636,3.636363636363636,3.636363636363636,9.090909090909092,5.454545454545454,19.25925925925926,104,Q7Z434_C20,16.24,0,0,1
105,0.0,0.0,0.0,6.25,0.0,0.0,12.5,12.5,6.25,0.0,6.25,0.0,18.75,6.25,6.25,0.0,6.25,6.25,12.5,0.0,0.0,0.0,1.2048192771084338,2.4096385542168677,2.4096385542168677,1.2048192771084338,13.253012048192772,10.843373493975903,14.074074074074074,105,Q7Z434_C33,16.24,0,1,0
106,5.0,0.0,5.0,0.0,0.0,5.0,0.0,0.0,5.0,0.0,5.0,0.0,35.0,10.0,5.0,10.0,5.0,0.0,5.0,5.0,0.0,0.0,2.4691358024691357,1.2345679012345678,1.2345679012345678,1.2345679012345678,8.641975308641975,6.172839506172839,0.0,106,Q86UX7_C452,15.93,0,1,0
107,0.0,0.0,9.090909090909092,9.090909090909092,9.090909090909092,0.0,9.090909090909092,0.0,9.090909090909092,0.0,9.090909090909092,0.0,9.090909090909092,0.0,9.090909090909092,18.181818181818183,9.090909090909092,0.0,0.0,0.0,1.9230769230769231,1.9230769230769231,5.769230769230769,1.9230769230769231,1.9230769230769231,0.0,1.9230769230769231,9.615384615384617,37.03703703703704,107,Q86W42_C35,1.181178875948125,1,1,1
108,0.0,0.0,0.0,0.0,0.0,22.22222222222222,0.0,11.11111111111111,0.0,22.22222222222222,11.11111111111111,0.0,0.0,11.11111111111111,0.0,11.11111111111111,0.0,0.0,0.0,11.11111111111111,0.0,0.0,2.5,7.5,7.5,2.5,15.0,5.0,42.96296296296296,108,Q8IV48_C75,15.0,0,1,0
109,0.0,11.11111111111111,16.666666666666664,11.11111111111111,0.0,5.555555555555555,0.0,5.555555555555555,0.0,0.0,11.11111111111111,0.0,11.11111111111111,11.11111111111111,0.0,11.11111111111111,0.0,5.555555555555555,0.0,0.0,1.4925373134328357,2.9850746268656714,2.9850746268656714,2.9850746268656714,8.955223880597014,7.462686567164178,13.432835820895525,10.44776119402985,25.925925925925924,109,Q8N201_C1755,2.974535331130016,1,1,1
110,0.0,5.263157894736842,0.0,0.0,10.526315789473683,15.789473684210526,0.0,10.526315789473683,0.0,5.263157894736842,10.526315789473683,0.0,5.263157894736842,5.263157894736842,0.0,10.526315789473683,15.789473684210526,0.0,5.263157894736842,0.0,0.0,0.0,2.127659574468085,4.25531914893617,2.127659574468085,1.0638297872340423,12.76595744680851,9.574468085106384,0.0,110,Q8N335_C267,16.65,0,1,0
111,10.0,0.0,10.0,10.0,10.0,0.0,0.0,0.0,20.0,0.0,10.0,10.0,0.0,10.0,0.0,0.0,10.0,0.0,0.0,0.0,2.4390243902439024,2.4390243902439024,2.4390243902439024,2.4390243902439024,4.878048780487805,4.878048780487805,14.634146341463412,9.75609756097561,54.81481481481482,111,Q8NEM7_C138,2.506352066993699,1,1,1
112,9.523809523809524,0.0,0.0,4.761904761904762,0.0,0.0,0.0,0.0,9.523809523809524,0.0,4.761904761904762,0.0,19.047619047619047,4.761904761904762,0.0,28.57142857142857,14.285714285714285,0.0,4.761904761904762,0.0,0.0,0.0,2.3529411764705883,3.5294117647058822,3.5294117647058822,3.5294117647058822,12.941176470588236,9.411764705882351,0.0,112,Q8TEX9_C725,2.246343422864754,1,1,1
113,0.0,0.0,0.0,6.666666666666667,6.666666666666667,13.333333333333334,0.0,6.666666666666667,0.0,0.0,0.0,6.666666666666667,13.333333333333334,0.0,0.0,20.0,6.666666666666667,6.666666666666667,6.666666666666667,6.666666666666667,0.0,1.4705882352941175,1.4705882352941175,4.411764705882353,7.352941176470589,5.88235294117647,16.176470588235293,7.352941176470589,15.555555555555555,113,Q8WUM4_C250,1.88,1,1,1
114,0.0,10.0,15.0,10.0,5.0,5.0,5.0,0.0,0.0,5.0,15.0,0.0,5.0,0.0,0.0,5.0,10.0,5.0,0.0,5.0,1.1764705882352942,0.0,2.3529411764705883,5.88235294117647,2.3529411764705883,9.411764705882351,15.294117647058824,7.0588235294117645,0.0,114,Q92597_C289,16.1,0,0,1
115,0.0,4.545454545454546,4.545454545454546,0.0,0.0,9.090909090909092,4.545454545454546,4.545454545454546,9.090909090909092,4.545454545454546,9.090909090909092,0.0,13.636363636363637,0.0,0.0,9.090909090909092,18.181818181818183,0.0,0.0,9.090909090909092,0.0,0.0,3.4482758620689653,4.597701149425287,2.2988505747126435,1.1494252873563218,12.643678160919542,10.344827586206897,0.0,115,Q92947_C176,15.0,0,0,1
116,4.545454545454546,0.0,4.545454545454546,0.0,4.545454545454546,0.0,0.0,4.545454545454546,4.545454545454546,4.545454545454546,4.545454545454546,0.0,27.27272727272727,4.545454545454546,4.545454545454546,18.181818181818183,4.545454545454546,9.090909090909092,0.0,0.0,3.061224489795918,2.0408163265306123,2.0408163265306123,3.061224489795918,1.020408163265306,2.0408163265306123,14.285714285714285,11.224489795918368,0.0,116,Q92973_C285,18.16,0,0,1
117,0.0,5.0,0.0,5.0,5.0,5.0,5.0,5.0,0.0,0.0,0.0,0.0,30.0,0.0,5.0,5.0,20.0,5.0,5.0,0.0,1.1363636363636365,1.1363636363636365,2.272727272727273,3.4090909090909087,0.0,0.0,12.5,10.227272727272728,1.4814814814814816,117,Q92973_C297,18.16,0,0,1
118,0.0,5.555555555555555,11.11111111111111,11.11111111111111,0.0,5.555555555555555,0.0,5.555555555555555,11.11111111111111,0.0,5.555555555555555,5.555555555555555,11.11111111111111,5.555555555555555,0.0,11.11111111111111,5.555555555555555,0.0,5.555555555555555,0.0,0.0,0.0,2.197802197802198,6.593406593406594,6.593406593406594,5.4945054945054945,13.186813186813188,5.4945054945054945,2.2222222222222223,118,Q96CW5_C325,2.702603340148918,1,1,1
119,0.0,0.0,10.0,0.0,0.0,10.0,10.0,0.0,10.0,0.0,10.0,0.0,10.0,10.0,0.0,10.0,0.0,20.0,0.0,0.0,0.0,4.651162790697675,4.651162790697675,0.0,4.651162790697675,4.651162790697675,6.976744186046512,11.627906976744184,31.851851851851855,119,Q96EP0_C504,19.1,0,1,0
120,0.0,11.76470588235294,0.0,11.76470588235294,0.0,5.88235294117647,5.88235294117647,5.88235294117647,11.76470588235294,0.0,0.0,0.0,11.76470588235294,5.88235294117647,5.88235294117647,11.76470588235294,5.88235294117647,0.0,0.0,5.88235294117647,0.0,0.0,2.564102564102564,2.564102564102564,1.282051282051282,0.0,7.6923076923076925,7.6923076923076925,0.0,120,Q96H20_C72,2.6706338425477214,1,1,1
121,0.0,7.142857142857142,0.0,0.0,7.142857142857142,7.142857142857142,7.142857142857142,0.0,7.142857142857142,0.0,14.285714285714285,7.142857142857142,14.285714285714285,7.142857142857142,0.0,0.0,14.285714285714285,7.142857142857142,0.0,0.0,0.0,0.0,3.0303030303030303,7.575757575757576,1.5151515151515151,4.545454545454546,13.636363636363637,6.0606060606060606,24.444444444444443,121,Q96PE7_C166,16.02,0,0,1
122,0.0,0.0,0.0,5.555555555555555,0.0,16.666666666666664,5.555555555555555,5.555555555555555,0.0,0.0,5.555555555555555,5.555555555555555,11.11111111111111,5.555555555555555,11.11111111111111,16.666666666666664,0.0,5.555555555555555,5.555555555555555,0.0,0.0,0.0,4.444444444444445,4.444444444444445,2.2222222222222223,2.2222222222222223,11.11111111111111,5.555555555555555,0.0,122,Q99459_C96,1.9996658642446377,1,1,1
123,8.333333333333332,0.0,4.166666666666666,4.166666666666666,0.0,4.166666666666666,8.333333333333332,4.166666666666666,8.333333333333332,0.0,8.333333333333332,0.0,12.5,0.0,0.0,12.5,12.5,8.333333333333332,0.0,4.166666666666666,1.0869565217391304,1.0869565217391304,2.1739130434782608,2.1739130434782608,1.0869565217391304,1.0869565217391304,15.217391304347828,14.130434782608695,0.0,123,Q99460_C633,1.918185293674464,1,1,1
124,21.428571428571427,14.285714285714285,0.0,0.0,7.142857142857142,21.428571428571427,7.142857142857142,7.142857142857142,7.142857142857142,0.0,0.0,0.0,7.142857142857142,0.0,0.0,7.142857142857142,0.0,0.0,0.0,0.0,5.084745762711865,5.084745762711865,5.084745762711865,1.694915254237288,1.694915254237288,3.389830508474576,13.559322033898304,13.559322033898304,18.51851851851852,124,Q99496_C75,18.21,0,1,0
125,0.0,0.0,0.0,5.263157894736842,0.0,0.0,5.263157894736842,0.0,5.263157894736842,0.0,15.789473684210526,0.0,21.052631578947366,5.263157894736842,5.263157894736842,15.789473684210526,5.263157894736842,10.526315789473683,0.0,5.263157894736842,0.0,0.0,3.4090909090909087,4.545454545454546,1.1363636363636365,0.0,10.227272727272728,11.363636363636363,0.0,125,Q99536_C86,2.976381075382222,1,1,1
126,8.333333333333332,0.0,0.0,4.166666666666666,0.0,4.166666666666666,8.333333333333332,12.5,4.166666666666666,0.0,20.833333333333336,0.0,8.333333333333332,8.333333333333332,0.0,4.166666666666666,8.333333333333332,0.0,0.0,8.333333333333332,2.197802197802198,2.197802197802198,1.098901098901099,3.296703296703297,1.098901098901099,1.098901098901099,15.384615384615383,13.186813186813188,8.148148148148149,126,Q99832_C326,2.821469562394272,1,1,1
127,0.0,22.22222222222222,0.0,22.22222222222222,11.11111111111111,0.0,0.0,11.11111111111111,11.11111111111111,0.0,0.0,0.0,0.0,0.0,0.0,0.0,11.11111111111111,0.0,0.0,11.11111111111111,0.0,0.0,2.272727272727273,2.272727272727273,4.545454545454546,11.363636363636363,13.636363636363637,11.363636363636363,54.07407407407408,127,Q99967_C261,17.65,0,0,1
128,5.88235294117647,5.88235294117647,23.52941176470588,0.0,0.0,11.76470588235294,0.0,11.76470588235294,11.76470588235294,0.0,5.88235294117647,0.0,5.88235294117647,0.0,0.0,5.88235294117647,11.76470588235294,0.0,0.0,0.0,1.3157894736842104,1.3157894736842104,3.9473684210526314,2.631578947368421,2.631578947368421,2.631578947368421,10.526315789473683,13.157894736842104,19.25925925925926,128,Q9BQA1_C208,2.432247083168712,1,0,0
129,6.666666666666667,0.0,0.0,0.0,0.0,0.0,0.0,13.333333333333334,0.0,0.0,6.666666666666667,13.333333333333334,6.666666666666667,6.666666666666667,0.0,13.333333333333334,6.666666666666667,13.333333333333334,6.666666666666667,6.666666666666667,2.5974025974025974,3.896103896103896,3.896103896103896,2.5974025974025974,10.38961038961039,10.38961038961039,6.493506493506493,10.38961038961039,11.11111111111111,129,Q9BRJ2_C80,0.6264030635356904,1,1,1
130,17.647058823529413,5.88235294117647,5.88235294117647,5.88235294117647,5.88235294117647,11.76470588235294,0.0,0.0,5.88235294117647,0.0,0.0,0.0,17.647058823529413,0.0,5.88235294117647,11.76470588235294,0.0,5.88235294117647,0.0,0.0,3.225806451612903,3.225806451612903,6.451612903225806,2.1505376344086025,3.225806451612903,1.0752688172043012,7.526881720430108,10.75268817204301,0.0,130,Q9BRQ0_C346,15.77,0,1,0
131,17.647058823529413,0.0,5.88235294117647,5.88235294117647,5.88235294117647,5.88235294117647,0.0,0.0,5.88235294117647,0.0,5.88235294117647,0.0,11.76470588235294,0.0,11.76470588235294,11.76470588235294,0.0,11.76470588235294,0.0,0.0,3.076923076923077,3.076923076923077,3.076923076923077,3.076923076923077,3.076923076923077,4.615384615384616,12.307692307692308,6.153846153846154,31.11111111111111,131,Q9BRQ0_C350,15.77,0,1,0
132,4.761904761904762,4.761904761904762,4.761904761904762,0.0,4.761904761904762,4.761904761904762,0.0,0.0,14.285714285714285,4.761904761904762,9.523809523809524,0.0,23.809523809523807,0.0,0.0,4.761904761904762,14.285714285714285,0.0,4.761904761904762,0.0,0.0,0.0,2.631578947368421,1.3157894736842104,3.9473684210526314,2.631578947368421,13.157894736842104,11.842105263157894,0.7407407407407408,132,Q9BUP3_C90,15.28,0,0,1
133,0.0,8.333333333333332,8.333333333333332,0.0,0.0,0.0,0.0,8.333333333333332,0.0,8.333333333333332,0.0,0.0,25.0,8.333333333333332,0.0,8.333333333333332,16.666666666666664,0.0,8.333333333333332,0.0,0.0,0.0,4.166666666666666,2.083333333333333,2.083333333333333,2.083333333333333,12.5,8.333333333333332,31.851851851851855,133,Q9BV81_C29,1.807486772537224,1,0,0
134,0.0,16.666666666666664,16.666666666666664,0.0,0.0,0.0,0.0,0.0,0.0,0.0,0.0,16.666666666666664,0.0,0.0,0.0,33.33333333333333,0.0,16.666666666666664,0.0,0.0,0.0,0.0,0.0,6.25,6.25,18.75,15.625,6.25,71.11111111111111,134,Q9BW91_C347,15.0,0,0,1
135,0.0,16.666666666666664,25.0,0.0,0.0,0.0,0.0,0.0,8.333333333333332,0.0,8.333333333333332,0.0,16.666666666666664,0.0,0.0,0.0,0.0,0.0,25.0,0.0,0.0,4.545454545454546,0.0,2.272727272727273,6.8181818181818175,6.8181818181818175,13.636363636363637,9.090909090909092,70.37037037037037,135,Q9BZ95_C173,17.43,0,0,1
136,0.0,6.666666666666667,0.0,6.666666666666667,6.666666666666667,0.0,0.0,6.666666666666667,6.666666666666667,6.666666666666667,13.333333333333334,6.666666666666667,6.666666666666667,0.0,6.666666666666667,6.666666666666667,20.0,0.0,0.0,0.0,1.5625,0.0,1.5625,0.0,1.5625,3.125,12.5,14.0625,25.925925925925924,136,Q9C0C9_C341,1.8814887106418536,1,0,0
137,0.0,0.0,25.0,0.0,0.0,0.0,25.0,0.0,0.0,12.5,0.0,0.0,25.0,0.0,0.0,0.0,0.0,12.5,0.0,0.0,6.25,6.25,0.0,3.125,3.125,3.125,9.375,9.375,51.11111111111111,137,Q9H0W9_C226,15.0,0,0,1
138,0.0,12.5,0.0,0.0,12.5,0.0,0.0,0.0,12.5,0.0,0.0,0.0,12.5,0.0,0.0,0.0,25.0,12.5,0.0,12.5,0.0,0.0,2.631578947368421,2.631578947368421,0.0,0.0,15.789473684210526,10.526315789473683,56.2962962962963,138,Q9H410_C287,15.12,0,0,1
139,0.0,5.88235294117647,5.88235294117647,0.0,11.76470588235294,0.0,11.76470588235294,0.0,0.0,5.88235294117647,5.88235294117647,0.0,5.88235294117647,5.88235294117647,5.88235294117647,0.0,17.647058823529413,11.76470588235294,5.88235294117647,0.0,3.1578947368421053,3.1578947368421053,4.2105263157894735,2.1052631578947367,4.2105263157894735,4.2105263157894735,7.368421052631578,11.578947368421051,3.7037037037037033,139,Q9H4Z3_C255,14.870079040527266,0,1,0
140,0.0,0.0,0.0,20.0,0.0,0.0,0.0,0.0,10.0,0.0,0.0,10.0,10.0,0.0,0.0,30.0,10.0,0.0,10.0,0.0,0.0,0.0,4.878048780487805,4.878048780487805,2.4390243902439024,4.878048780487805,14.634146341463412,9.75609756097561,52.59259259259259,140,Q9H633_C23,0.6187391579151155,1,0,0
141,5.0,10.0,5.0,5.0,10.0,15.0,0.0,5.0,0.0,0.0,5.0,5.0,10.0,0.0,10.0,5.0,5.0,0.0,0.0,5.0,3.1914893617021276,2.127659574468085,1.0638297872340423,3.1914893617021276,1.0638297872340423,4.25531914893617,13.829787234042554,7.446808510638298,0.0,141,Q9H993_C315,15.0,0,0,1
142,4.761904761904762,9.523809523809524,0.0,4.761904761904762,0.0,14.285714285714285,0.0,4.761904761904762,0.0,4.761904761904762,4.761904761904762,4.761904761904762,14.285714285714285,4.761904761904762,0.0,9.523809523809524,14.285714285714285,4.761904761904762,0.0,0.0,1.1904761904761905,1.1904761904761905,3.571428571428571,3.571428571428571,1.1904761904761905,2.380952380952381,14.285714285714285,9.523809523809524,0.0,142,Q9HAN9_C185,16.6,0,0,1
143,0.0,12.5,0.0,6.25,6.25,6.25,6.25,0.0,6.25,12.5,0.0,0.0,18.75,0.0,0.0,12.5,6.25,0.0,6.25,0.0,0.0,0.0,2.7777777777777777,5.555555555555555,1.3888888888888888,1.3888888888888888,12.5,8.333333333333332,12.592592592592592,143,Q9HAU5_C578,2.311111152172086,1,0,0
144,0.0,0.0,0.0,0.0,6.666666666666667,6.666666666666667,6.666666666666667,13.333333333333334,0.0,6.666666666666667,0.0,0.0,6.666666666666667,6.666666666666667,6.666666666666667,6.666666666666667,0.0,20.0,13.333333333333334,0.0,0.0,0.0,3.0303030303030303,6.0606060606060606,1.5151515151515151,6.0606060606060606,15.151515151515152,6.0606060606060606,28.14814814814815,144,Q9HCE5_C210,9.487786293029757,0,0,1
145,5.555555555555555,0.0,5.555555555555555,5.555555555555555,0.0,5.555555555555555,22.22222222222222,5.555555555555555,0.0,0.0,5.555555555555555,5.555555555555555,0.0,5.555555555555555,0.0,0.0,16.666666666666664,5.555555555555555,11.11111111111111,0.0,0.0,0.0,3.571428571428571,3.571428571428571,3.571428571428571,2.380952380952381,8.333333333333332,9.523809523809524,0.0,145,Q9HCU5_C280,2.4487615230444857,1,1,1
146,0.0,4.545454545454546,0.0,4.545454545454546,0.0,0.0,0.0,9.090909090909092,0.0,0.0,0.0,13.636363636363637,22.727272727272727,9.090909090909092,0.0,9.090909090909092,13.636363636363637,0.0,13.636363636363637,0.0,0.0,0.0,3.1578947368421053,2.1052631578947367,4.2105263157894735,3.1578947368421053,12.63157894736842,12.63157894736842,0.0,146,Q9NP79_C38,0.5459938943386087,1,1,1
147,11.11111111111111,0.0,0.0,0.0,11.11111111111111,22.22222222222222,11.11111111111111,22.22222222222222,0.0,0.0,0.0,0.0,0.0,0.0,11.11111111111111,0.0,0.0,0.0,0.0,11.11111111111111,0.0,0.0,5.128205128205128,5.128205128205128,7.6923076923076925,7.6923076923076925,7.6923076923076925,7.6923076923076925,42.96296296296296,147,Q9NSI8_C196,15.32,0,1,0
148,0.0,6.25,0.0,0.0,0.0,12.5,6.25,0.0,6.25,6.25,12.5,0.0,25.0,0.0,0.0,0.0,18.75,6.25,0.0,0.0,0.0,0.0,6.329113924050633,3.79746835443038,0.0,1.2658227848101269,8.860759493670885,11.39240506329114,0.7407407407407408,148,Q9NW08_C907,9.102465629577612,0,0,1
149,7.6923076923076925,0.0,7.6923076923076925,7.6923076923076925,0.0,0.0,0.0,0.0,0.0,7.6923076923076925,7.6923076923076925,0.0,15.384615384615383,7.6923076923076925,7.6923076923076925,7.6923076923076925,7.6923076923076925,7.6923076923076925,7.6923076923076925,0.0,6.451612903225806,1.6129032258064515,0.0,4.838709677419355,1.6129032258064515,3.225806451612903,16.129032258064516,6.451612903225806,11.851851851851851,149,Q9NWM0_C122,1.2661982178688045,1,1,1
150,0.0,0.0,0.0,17.647058823529413,0.0,0.0,0.0,0.0,0.0,0.0,0.0,0.0,11.76470588235294,17.647058823529413,0.0,35.294117647058826,5.88235294117647,5.88235294117647,5.88235294117647,0.0,0.0,1.3888888888888888,1.3888888888888888,5.555555555555555,1.3888888888888888,1.3888888888888888,18.055555555555554,8.333333333333332,8.148148148148149,150,Q9P107_C274,11.411149024963336,0,0,1
151,0.0,16.666666666666664,0.0,0.0,0.0,0.0,0.0,16.666666666666664,0.0,0.0,33.33333333333333,0.0,16.666666666666664,0.0,16.666666666666664,0.0,0.0,0.0,0.0,0.0,0.0,0.0,0.0,3.8461538461538463,7.6923076923076925,3.8461538461538463,15.384615384615383,3.8461538461538463,65.18518518518519,151,Q9P287_C275,18.1,0,0,1
152,0.0,9.090909090909092,9.090909090909092,0.0,0.0,18.181818181818183,18.181818181818183,0.0,0.0,0.0,9.090909090909092,0.0,0.0,0.0,9.090909090909092,0.0,9.090909090909092,18.181818181818183,0.0,0.0,0.0,0.0,0.0,1.6666666666666667,1.6666666666666667,3.3333333333333335,10.0,10.0,45.92592592592592,152,Q9P2J5_C113,11.446507453918414,0,0,1
153,9.090909090909092,0.0,9.090909090909092,0.0,0.0,0.0,18.181818181818183,0.0,0.0,18.181818181818183,0.0,9.090909090909092,9.090909090909092,9.090909090909092,0.0,0.0,0.0,0.0,9.090909090909092,9.090909090909092,2.127659574468085,2.127659574468085,2.127659574468085,4.25531914893617,10.638297872340424,8.51063829787234,10.638297872340424,4.25531914893617,32.592592592592595,153,Q9UBN7_C493,1.344294428825374,1,0,0
154,0.0,16.666666666666664,16.666666666666664,0.0,0.0,0.0,0.0,0.0,0.0,0.0,0.0,0.0,50.0,0.0,0.0,0.0,0.0,16.666666666666664,0.0,0.0,0.0,0.0,4.545454545454546,0.0,4.545454545454546,13.636363636363637,18.181818181818183,9.090909090909092,75.55555555555556,154,Q9UDY8_C71,9.674540996551473,0,0,1
155,0.0,0.0,20.0,20.0,20.0,0.0,0.0,0.0,0.0,0.0,20.0,0.0,0.0,20.0,0.0,0.0,0.0,0.0,0.0,0.0,0.0,0.0,0.0,4.761904761904762,0.0,0.0,19.047619047619047,14.285714285714285,93.33333333333331,155,Q9UG22_C227,17.53,0,0,1
156,0.0,0.0,16.666666666666664,5.555555555555555,0.0,0.0,11.11111111111111,0.0,11.11111111111111,0.0,11.11111111111111,5.555555555555555,5.555555555555555,11.11111111111111,0.0,0.0,11.11111111111111,5.555555555555555,0.0,5.555555555555555,1.1904761904761905,1.1904761904761905,3.571428571428571,1.1904761904761905,0.0,1.1904761904761905,11.904761904761903,13.095238095238097,0.0,156,Q9UI30_C100,1.855,1,1,1
157,12.5,0.0,12.5,0.0,12.5,0.0,12.5,0.0,0.0,12.5,0.0,0.0,37.5,0.0,0.0,0.0,0.0,0.0,0.0,0.0,0.0,0.0,4.761904761904762,0.0,4.761904761904762,4.761904761904762,7.142857142857142,14.285714285714285,33.33333333333333,157,Q9ULG1_C965,1.1917549669742586,1,1,1
158,0.0,7.6923076923076925,7.6923076923076925,7.6923076923076925,7.6923076923076925,7.6923076923076925,7.6923076923076925,0.0,15.384615384615383,0.0,7.6923076923076925,0.0,15.384615384615383,7.6923076923076925,0.0,0.0,0.0,7.6923076923076925,0.0,0.0,1.6129032258064515,3.225806451612903,1.6129032258064515,3.225806451612903,3.225806451612903,4.838709677419355,12.903225806451612,9.67741935483871,35.55555555555556,158,Q9ULK4_C225,1.0453661680221555,1,0,0
159,10.0,10.0,10.0,0.0,10.0,10.0,10.0,0.0,0.0,0.0,0.0,0.0,0.0,20.0,10.0,0.0,0.0,10.0,0.0,0.0,0.0,0.0,4.3478260869565215,0.0,8.695652173913043,2.1739130434782608,6.521739130434782,15.217391304347828,42.22222222222222,159,Q9UM22_C88,14.744628906249948,0,1,0
160,0.0,13.333333333333334,0.0,6.666666666666667,6.666666666666667,0.0,6.666666666666667,6.666666666666667,0.0,6.666666666666667,0.0,0.0,20.0,6.666666666666667,0.0,0.0,6.666666666666667,13.333333333333334,6.666666666666667,0.0,0.0,0.0,3.278688524590164,3.278688524590164,6.557377049180328,8.19672131147541,8.19672131147541,4.918032786885246,26.666666666666668,160,Q9UPN9_C943,8.685382843017559,0,1,0
161,0.0,0.0,0.0,0.0,0.0,7.142857142857142,14.285714285714285,0.0,21.428571428571427,7.142857142857142,0.0,0.0,7.142857142857142,14.285714285714285,0.0,7.142857142857142,7.142857142857142,7.142857142857142,0.0,7.142857142857142,0.0,1.5384615384615383,1.5384615384615383,3.076923076923077,6.153846153846154,0.0,13.846153846153848,10.76923076923077,8.88888888888889,161,Q9Y265_C94,15.887607574462873,0,1,0
162,0.0,12.5,0.0,0.0,0.0,0.0,0.0,0.0,0.0,0.0,12.5,0.0,0.0,12.5,0.0,0.0,12.5,12.5,12.5,25.0,0.0,0.0,4.878048780487805,7.317073170731707,0.0,2.4390243902439024,12.195121951219512,4.878048780487805,52.59259259259259,162,Q9Y2Q5_C76,17.69,0,0,1
163,0.0,9.090909090909092,9.090909090909092,0.0,0.0,0.0,9.090909090909092,18.181818181818183,0.0,0.0,0.0,9.090909090909092,18.181818181818183,18.181818181818183,0.0,0.0,0.0,0.0,0.0,9.090909090909092,3.225806451612903,1.6129032258064515,3.225806451612903,6.451612903225806,8.064516129032258,6.451612903225806,6.451612903225806,6.451612903225806,22.22222222222222,163,Q9Y2X0_C30,2.475589752197255,1,1,1
164,0.0,4.761904761904762,0.0,9.523809523809524,4.761904761904762,0.0,4.761904761904762,9.523809523809524,0.0,0.0,9.523809523809524,0.0,14.285714285714285,4.761904761904762,0.0,19.047619047619047,4.761904761904762,9.523809523809524,0.0,4.761904761904762,0.0,2.2222222222222223,4.444444444444445,4.444444444444445,4.444444444444445,4.444444444444445,14.444444444444445,10.0,2.2222222222222223,164,Q9Y490_C1087,2.4395576715469307,1,1,1
165,0.0,0.0,7.6923076923076925,7.6923076923076925,7.6923076923076925,0.0,0.0,0.0,7.6923076923076925,0.0,0.0,7.6923076923076925,7.6923076923076925,7.6923076923076925,7.6923076923076925,7.6923076923076925,7.6923076923076925,7.6923076923076925,15.384615384615383,0.0,0.0,0.0,1.5625,4.6875,0.0,0.0,15.625,9.375,16.296296296296298,165,Q9Y6M9_C31,15.0,0,1,0
166,0.0,7.6923076923076925,7.6923076923076925,0.0,15.384615384615383,15.384615384615383,7.6923076923076925,0.0,0.0,15.384615384615383,0.0,7.6923076923076925,7.6923076923076925,0.0,0.0,0.0,0.0,7.6923076923076925,7.6923076923076925,0.0,4.10958904109589,2.73972602739726,2.73972602739726,4.10958904109589,4.10958904109589,5.47945205479452,9.58904109589041,9.58904109589041,0.7407407407407408,166,Q9Y6N5_C127,15.4,0,0,1
